{"initial_reset_timestamp": 1622000846.9424548, "timestamps": [1622001464.088179, 1622002082.777263, 1622002694.5198712, 1622003302.568395, 1622003919.8006868], "episode_lengths": [2000, 2000, 2000, 2000, 2000], "episode_rewards": [10587.23795251123, 18894.34088053472, 12619.654073536982, 12751.203396396955, 19069.50686913291], "episode_types": ["t", "t", "t", "t", "t"]}