{"initial_reset_timestamp": 1621993389.9917817, "timestamps": [1621994003.9719114, 1621994619.6648872, 1621995236.797937, 1621995809.0200806, 1621996435.1340632], "episode_lengths": [2000, 2000, 2000, 1859, 2000], "episode_rewards": [16800.68057224881, 18357.732348406473, 15865.410756377938, 16336.19808219089, 9197.797019968983], "episode_types": ["t", "t", "t", "t", "t"]}