{"initial_reset_timestamp": 1622008309.7268908, "timestamps": [1622008925.8513286, 1622009543.5562022, 1622010160.6954725, 1622010779.1325371, 1622011397.3333602], "episode_lengths": [2000, 2000, 2000, 2000, 2000], "episode_rewards": [17800.582497777836, 17287.04979840107, 17489.328929757645, 17005.450592932324, 16576.24124676053], "episode_types": ["t", "t", "t", "t", "t"]}