{"initial_reset_timestamp": 1621978551.4483285, "timestamps": [1621979150.7224185, 1621979781.3767326, 1621980386.707471, 1621980987.7811399, 1621981593.7168767], "episode_lengths": [1981, 2000, 2000, 2000, 2000], "episode_rewards": [15826.83003568039, 9456.509806665365, 12212.924254017013, 15129.708986262513, 11648.327945060564], "episode_types": ["t", "t", "t", "t", "t"]}