{"initial_reset_timestamp": 1621985993.2393258, "timestamps": [1621986596.7714984, 1621987207.6908836, 1621987812.659841, 1621988417.033423, 1621989020.231878], "episode_lengths": [2000, 2000, 2000, 2000, 2000], "episode_rewards": [13588.809831112158, 9226.546174198429, 12531.643269875516, 14907.947938543519, 14515.351193944776], "episode_types": ["t", "t", "t", "t", "t"]}